{"cameraMode":{"drawMode":0,"name":"Shaded","section":"Shading Mode"},"sceneLighting":false,"audioPlay":false,"sceneViewState":{"showFog":true,"showMaterialUpdate":false,"showSkybox":false,"showFlares":true,"showImageEffects":true,"showParticleSystems":true},"in2DMode":false,"pivot":{"x":63.01737976074219,"y":4.107183933258057,"z":46.8875846862793},"rotation":{"x":-0.1294124871492386,"y":-0.707111120223999,"z":0.13415998220443726,"w":-0.6820904612541199},"size":17.978105545043947,"orthographic":false}