{"cameraMode":{"drawMode":0,"name":"Shaded","section":"Shading Mode"},"sceneLighting":false,"audioPlay":false,"sceneViewState":{"showFog":true,"showMaterialUpdate":false,"showSkybox":false,"showFlares":true,"showImageEffects":true,"showParticleSystems":true},"in2DMode":false,"pivot":{"x":63.9900016784668,"y":2.0,"z":44.45000076293945},"rotation":{"x":-0.008792023174464703,"y":0.9910404682159424,"z":-0.10294188559055329,"w":-0.08464362472295761},"size":1.7147274017333985,"orthographic":false}