{"cameraMode":{"drawMode":0,"name":"Shaded","section":"Shading Mode"},"sceneLighting":false,"audioPlay":false,"sceneViewState":{"showFog":true,"showMaterialUpdate":false,"showSkybox":false,"showFlares":true,"showImageEffects":true,"showParticleSystems":true},"in2DMode":false,"pivot":{"x":61.31366729736328,"y":1.1188225746154786,"z":38.53974533081055},"rotation":{"x":-0.05842176824808121,"y":-0.773969292640686,"z":0.0721876472234726,"w":-0.6263764500617981},"size":13.969608306884766,"orthographic":false}