{"cameraMode":{"drawMode":0,"name":"Shaded","section":"Shading Mode"},"sceneLighting":false,"audioPlay":false,"sceneViewState":{"showFog":true,"showMaterialUpdate":false,"showSkybox":false,"showFlares":true,"showImageEffects":true,"showParticleSystems":true},"in2DMode":false,"pivot":{"x":52.8759651184082,"y":4.659560203552246,"z":39.087974548339847},"rotation":{"x":-0.03238716721534729,"y":-0.967439591884613,"z":0.18656021356582642,"w":-0.16794943809509278},"size":24.2150936126709,"orthographic":false}